-- phpMyAdmin SQL Dump
-- version 4.8.3
-- https://www.phpmyadmin.net/
--
-- Servidor: 127.0.0.1
-- Tiempo de generación: 02-02-2019 a las 04:06:19
-- Versión del servidor: 10.1.35-MariaDB
-- Versión de PHP: 7.2.9

SET SQL_MODE = "NO_AUTO_VALUE_ON_ZERO";
SET AUTOCOMMIT = 0;
START TRANSACTION;
SET time_zone = "+00:00";


/*!40101 SET @OLD_CHARACTER_SET_CLIENT=@@CHARACTER_SET_CLIENT */;
/*!40101 SET @OLD_CHARACTER_SET_RESULTS=@@CHARACTER_SET_RESULTS */;
/*!40101 SET @OLD_COLLATION_CONNECTION=@@COLLATION_CONNECTION */;
/*!40101 SET NAMES utf8mb4 */;

--
-- Base de datos: `academiacead`
--

DELIMITER $$
--
-- Procedimientos
--
CREATE DEFINER=`root`@`localhost` PROCEDURE `sp_addbitacora` (IN `fecha_accion` DATETIME, IN `accn` VARCHAR(20), IN `descrip` VARCHAR(100), IN `id_usr` INT, IN `id_obj` INT)  begin
  insert into tbl_Bitacora(Fecha,Accion, Descripcion, Id_usuario, Id_Objeto)
  values(fecha_accion, accn, descrip, id_usr, id_obj);
end$$

DELIMITER ;

-- --------------------------------------------------------

--
-- Estructura de tabla para la tabla `tbl_alumnos`
--

CREATE TABLE `tbl_alumnos` (
  `Id_Alumno` int(11) NOT NULL,
  `PrimerNombre` varchar(15) NOT NULL,
  `SegundoNombre` varchar(15) DEFAULT NULL,
  `PrimerApellido` varchar(15) NOT NULL,
  `SegundoApellido` varchar(15) DEFAULT NULL,
  `FechaNacimiento` date NOT NULL,
  `Cedula` decimal(13,0) NOT NULL,
  `Telefono` decimal(12,0) NOT NULL,
  `FechaIngreso` date NOT NULL,
  `Id_genero` int(11) NOT NULL,
  `Id_estadocivil` int(11) NOT NULL
) ENGINE=InnoDB DEFAULT CHARSET=latin1;

--
-- Volcado de datos para la tabla `tbl_alumnos`
--

INSERT INTO `tbl_alumnos` (`Id_Alumno`, `PrimerNombre`, `SegundoNombre`, `PrimerApellido`, `SegundoApellido`, `FechaNacimiento`, `Cedula`, `Telefono`, `FechaIngreso`, `Id_genero`, `Id_estadocivil`) VALUES
(1, 'ANA', 'MARIA', 'CRUZ', 'PAZ', '1976-10-10', '1008196704567', '22789044', '2018-10-10', 1, 1),
(2, 'Juan', 'PABLO', 'PINEDA', 'PONCE', '1978-12-31', '107197809360', '22780041', '2018-10-10', 2, 2),
(3, 'ROSA', 'RITA', 'MEDRANO', 'REINA', '2010-04-03', '801201008754', '22345678', '2018-10-17', 1, 1),
(4, 'LIA', 'ISA', 'RIVERA', ' ', '2007-03-03', '807201708653', '22345632', '2018-10-17', 1, 1),
(5, 'LUNA', 'BELLA', 'CHECK', 'PAZ', '1996-03-03', '807199608653', '22348902', '2018-10-17', 1, 2),
(6, 'NICOLE', '', 'VARELA', '', '0000-00-00', '801000000000', '11111111', '0000-00-00', 2, 1),
(7, 'NICOLE', '', 'VARELA', '', '0000-00-00', '801000000000', '11111111', '0000-00-00', 2, 1),
(8, 'LUIS', 'FERNANDO', 'ORTIZ', 'LOPEZ', '0000-00-00', '801199547856', '22213369', '0000-00-00', 2, 1);

-- --------------------------------------------------------

--
-- Estructura de tabla para la tabla `tbl_asistencia`
--

CREATE TABLE `tbl_asistencia` (
  `Id_asistencia` int(11) NOT NULL,
  `Asistencia` decimal(4,0) DEFAULT NULL,
  `Fecha` date NOT NULL,
  `Id_Clase` int(11) NOT NULL,
  `Id_Empleado` int(11) NOT NULL
) ENGINE=InnoDB DEFAULT CHARSET=latin1;

--
-- Volcado de datos para la tabla `tbl_asistencia`
--

INSERT INTO `tbl_asistencia` (`Id_asistencia`, `Asistencia`, `Fecha`, `Id_Clase`, `Id_Empleado`) VALUES
(1, '1', '2018-10-17', 1, 1);

-- --------------------------------------------------------

--
-- Estructura de tabla para la tabla `tbl_bitacora`
--

CREATE TABLE `tbl_bitacora` (
  `Id_Bitacora` int(11) NOT NULL,
  `Fecha` date NOT NULL,
  `Accion` varchar(20) NOT NULL,
  `Descripcion` varchar(100) NOT NULL,
  `Id_usuario` int(11) NOT NULL,
  `Id_Objeto` int(11) NOT NULL
) ENGINE=InnoDB DEFAULT CHARSET=latin1;

--
-- Volcado de datos para la tabla `tbl_bitacora`
--

INSERT INTO `tbl_bitacora` (`Id_Bitacora`, `Fecha`, `Accion`, `Descripcion`, `Id_usuario`, `Id_Objeto`) VALUES
(2, '2018-12-01', 'Acceso al sistema', 'Accediendo al sistema', 19, 1),
(3, '2018-12-01', 'Acceso al sistema', 'Accediendo al sistema', 19, 1),
(4, '2018-12-01', 'Salida', 'Cerrando la sesion en el sistema', 1, 7),
(5, '2018-12-01', 'insercion', 'se a insertado un nuevo usuario', 1, 4),
(6, '2018-12-01', 'Acceso al sistema', 'Accediendo al sistema por primera vez', 21, 1),
(7, '2018-12-01', 'Salida', 'Cerrando la sesion en el sistema', 1, 7),
(8, '2018-12-01', 'insercion', 'se a insertado un nuevo usuario', 1, 4),
(9, '2018-12-01', 'Acceso al sistema', 'Accediendo al sistema', 22, 1),
(10, '2018-12-01', 'Salida', 'Cerrando la sesion en el sistema', 1, 7),
(11, '2018-12-01', 'Acceso al sistema', 'Accediendo al sistema', 22, 1),
(12, '2018-12-01', 'Acceso al sistema', 'Accediendo al sistema', 22, 1),
(13, '2018-12-01', 'Acceso al sistema', 'Accediendo al sistema', 22, 1),
(14, '2018-12-01', 'insercion', 'se a insertado un nuevo usuario', 1, 4),
(15, '2018-12-01', 'Acceso al sistema', 'Accediendo al sistema por primera vez', 23, 1),
(16, '2018-12-01', 'Acceso al sistema', 'Accediendo al sistema', 1, 1);

-- --------------------------------------------------------

--
-- Estructura de tabla para la tabla `tbl_calificaciones`
--

CREATE TABLE `tbl_calificaciones` (
  `Id_Calificaciones` int(11) NOT NULL,
  `NotaFinal` decimal(5,0) NOT NULL,
  `Id_Alumno` int(11) NOT NULL,
  `Id_Seccion` int(11) NOT NULL,
  `Cod_Obs` int(11) NOT NULL,
  `Id_Clase` int(11) NOT NULL
) ENGINE=InnoDB DEFAULT CHARSET=latin1;

-- --------------------------------------------------------

--
-- Estructura de tabla para la tabla `tbl_clases`
--

CREATE TABLE `tbl_clases` (
  `Id_Clase` int(11) NOT NULL,
  `DescripClase` varchar(45) NOT NULL,
  `Duracion` time NOT NULL,
  `Id_orientacion` int(11) NOT NULL
) ENGINE=InnoDB DEFAULT CHARSET=latin1;

--
-- Volcado de datos para la tabla `tbl_clases`
--

INSERT INTO `tbl_clases` (`Id_Clase`, `DescripClase`, `Duracion`, `Id_orientacion`) VALUES
(1, 'Instrumento I', '00:45:00', 1),
(2, 'Instrumento II', '00:45:00', 1),
(3, 'Instrumento III', '00:45:00', 1),
(4, 'Instrumento IV', '00:45:00', 1),
(5, 'Instrumento V', '00:45:00', 1),
(6, 'Instrumento VI', '00:45:00', 1),
(7, 'Instrumento VII', '00:45:00', 1),
(8, 'Instrumento VIII', '00:45:00', 1),
(9, 'Instrumento IX', '00:45:00', 1),
(10, 'Instrumento X', '00:45:00', 1),
(11, 'Instrumento I', '00:45:00', 2),
(12, 'Instrumento II', '00:45:00', 2),
(13, 'Instrumento III', '00:45:00', 2),
(14, 'Instrumento IV', '00:45:00', 2),
(15, 'Instrumento V', '00:45:00', 2),
(16, 'Instrumento VI', '00:45:00', 2),
(17, 'Instrumento VII', '00:45:00', 2),
(18, 'Instrumento VIII', '00:45:00', 2),
(19, 'Instrumento IX', '00:45:00', 2),
(20, 'Instrumento X', '00:45:00', 2),
(21, 'Instrumento I', '00:45:00', 3),
(22, 'Instrumento II', '00:45:00', 3),
(23, 'Instrumento III', '00:45:00', 3),
(24, 'Instrumento IV', '00:45:00', 3),
(25, 'Instrumento V', '00:45:00', 3),
(26, 'Instrumento VI', '00:45:00', 3),
(27, 'Instrumento VII', '00:45:00', 3),
(28, 'Instrumento VIII', '00:45:00', 3),
(29, 'Instrumento IX', '00:45:00', 3),
(30, 'Instrumento X', '00:45:00', 3),
(31, 'Instrumento I', '00:45:00', 4),
(32, 'Instrumento II', '00:45:00', 4),
(33, 'Instrumento III', '00:45:00', 4),
(34, 'Instrumento IV', '00:45:00', 4),
(35, 'Instrumento V', '00:45:00', 4),
(36, 'Instrumento VI', '00:45:00', 4),
(37, 'Instrumento VII', '00:45:00', 4),
(38, 'Instrumento VIII', '00:45:00', 4),
(39, 'Instrumento IX', '00:45:00', 4),
(40, 'Instrumento X', '00:45:00', 4),
(41, 'Instrumento I', '00:45:00', 5),
(42, 'Instrumento II', '00:45:00', 5),
(43, 'Instrumento III', '00:45:00', 5),
(44, 'Instrumento IV', '00:45:00', 5),
(45, 'Instrumento V', '00:45:00', 5),
(46, 'Instrumento VI', '00:45:00', 5),
(47, 'Instrumento VII', '00:45:00', 5),
(48, 'Instrumento VIII', '00:45:00', 5),
(49, 'Instrumento IX', '00:45:00', 5),
(50, 'Instrumento X', '00:45:00', 5),
(51, 'Instrumento I', '00:45:00', 6),
(52, 'Instrumento II', '00:45:00', 6),
(53, 'Instrumento III', '00:45:00', 6),
(54, 'Instrumento IV', '00:45:00', 6),
(55, 'Instrumento V', '00:45:00', 6),
(56, 'Instrumento VI', '00:45:00', 6),
(57, 'Instrumento VII', '00:45:00', 6),
(58, 'Instrumento VIII', '00:45:00', 6),
(59, 'Instrumento IX', '00:45:00', 6),
(60, 'Instrumento X', '00:45:00', 6),
(61, 'Instrumento I', '00:45:00', 7),
(62, 'Instrumento II', '00:45:00', 7),
(63, 'Instrumento III', '00:45:00', 7),
(64, 'Instrumento IV', '00:45:00', 7),
(65, 'Instrumento V', '00:45:00', 7),
(66, 'Instrumento VI', '00:45:00', 7),
(67, 'Instrumento VII', '00:45:00', 7),
(68, 'Instrumento VIII', '00:45:00', 7),
(69, 'Instrumento IX', '00:45:00', 7),
(70, 'Instrumento X', '00:45:00', 7),
(71, 'Instrumento I', '00:45:00', 8),
(72, 'Instrumento II', '00:45:00', 8),
(73, 'Instrumento III', '00:45:00', 8),
(74, 'Instrumento IV', '00:45:00', 8),
(75, 'Instrumento V', '00:45:00', 8),
(76, 'Instrumento VI', '00:45:00', 8),
(77, 'Instrumento VII', '00:45:00', 8),
(78, 'Instrumento VIII', '00:45:00', 8),
(79, 'Instrumento IX', '00:45:00', 8),
(80, 'Instrumento X', '00:45:00', 8),
(81, 'Instrumento I', '00:45:00', 9),
(82, 'Instrumento II', '00:45:00', 9),
(83, 'Instrumento III', '00:45:00', 9),
(84, 'Instrumento IV', '00:45:00', 9),
(85, 'Instrumento V', '00:45:00', 9),
(86, 'Instrumento VI', '00:45:00', 9),
(87, 'Instrumento VII', '00:45:00', 9),
(88, 'Instrumento VIII', '00:45:00', 9),
(89, 'Instrumento IX', '00:45:00', 9),
(90, 'Instrumento X', '00:45:00', 9),
(91, 'Instrumento I', '00:45:00', 10),
(92, 'Instrumento II', '00:45:00', 10),
(93, 'Instrumento III', '00:45:00', 10),
(94, 'Instrumento IV', '00:45:00', 10),
(95, 'Instrumento V', '00:45:00', 10),
(96, 'Instrumento VI', '00:45:00', 10),
(97, 'Instrumento VII', '00:45:00', 10),
(98, 'Instrumento VIII', '00:45:00', 10),
(99, 'Instrumento IX', '00:45:00', 10),
(100, 'Instrumento X', '00:45:00', 10),
(101, 'Lenguaje Musical I', '00:45:00', 1),
(102, 'Lenguaje Musical II', '00:45:00', 1),
(103, 'Lenguaje Musical III', '00:45:00', 1),
(104, 'Lenguaje Musical IV', '00:45:00', 1),
(105, 'Lenguaje Musical V', '00:45:00', 1),
(106, 'Lenguaje Musical VI', '00:45:00', 1),
(107, 'Lenguaje Musical I', '00:45:00', 2),
(108, 'Lenguaje Musical II', '00:45:00', 2),
(109, 'Lenguaje Musical III', '00:45:00', 2),
(110, 'Lenguaje Musical IV', '00:45:00', 2),
(111, 'Lenguaje Musical V', '00:45:00', 2),
(112, 'Lenguaje Musical VI', '00:45:00', 2),
(113, 'Lenguaje Musical I', '00:45:00', 3),
(114, 'Lenguaje Musical II', '00:45:00', 3),
(115, 'Lenguaje Musical III', '00:45:00', 3),
(116, 'Lenguaje Musical IV', '00:45:00', 3),
(117, 'Lenguaje Musical V', '00:45:00', 3),
(118, 'Lenguaje Musical VI', '00:45:00', 3),
(119, 'Lenguaje Musical I', '00:45:00', 4),
(120, 'Lenguaje Musical II', '00:45:00', 4),
(121, 'Lenguaje Musical III', '00:45:00', 4),
(122, 'Lenguaje Musical IV', '00:45:00', 4),
(123, 'Lenguaje Musical V', '00:45:00', 4),
(124, 'Lenguaje Musical VI', '00:45:00', 4),
(125, 'Lenguaje Musical I', '00:45:00', 5),
(126, 'Lenguaje Musical II', '00:45:00', 5),
(127, 'Lenguaje Musical III', '00:45:00', 5),
(128, 'Lenguaje Musical IV', '00:45:00', 5),
(129, 'Lenguaje Musical V', '00:45:00', 5),
(130, 'Lenguaje Musical VI', '00:45:00', 5),
(131, 'Lenguaje Musical I', '00:45:00', 6),
(132, 'Lenguaje Musical II', '00:45:00', 6),
(133, 'Lenguaje Musical III', '00:45:00', 6),
(134, 'Lenguaje Musical IV', '00:45:00', 6),
(135, 'Lenguaje Musical V', '00:45:00', 6),
(136, 'Lenguaje Musical VI', '00:45:00', 6),
(137, 'Lenguaje Musical I', '00:45:00', 7),
(138, 'Lenguaje Musical II', '00:45:00', 7),
(139, 'Lenguaje Musical III', '00:45:00', 7),
(140, 'Lenguaje Musical IV', '00:45:00', 7),
(141, 'Lenguaje Musical V', '00:45:00', 7),
(142, 'Lenguaje Musical VI', '00:45:00', 7),
(143, 'Lenguaje Musical I', '00:45:00', 8),
(144, 'Lenguaje Musical II', '00:45:00', 8),
(145, 'Lenguaje Musical III', '00:45:00', 8),
(146, 'Lenguaje Musical IV', '00:45:00', 8),
(147, 'Lenguaje Musical V', '00:45:00', 8),
(148, 'Lenguaje Musical VI', '00:45:00', 8),
(149, 'Lenguaje Musical I', '00:45:00', 9),
(150, 'Lenguaje Musical II', '00:45:00', 9),
(151, 'Lenguaje Musical III', '00:45:00', 9),
(152, 'Lenguaje Musical IV', '00:45:00', 9),
(153, 'Lenguaje Musical V', '00:45:00', 9),
(154, 'Lenguaje Musical VI', '00:45:00', 9),
(155, 'Lenguaje Musical I', '00:45:00', 10),
(156, 'Lenguaje Musical II', '00:45:00', 10),
(157, 'Lenguaje Musical III', '00:45:00', 10),
(158, 'Lenguaje Musical IV', '00:45:00', 10),
(159, 'Lenguaje Musical V', '00:45:00', 10),
(160, 'Lenguaje Musical VI', '00:45:00', 10),
(161, 'Armonía I', '00:45:00', 1),
(162, 'Armonía II', '00:45:00', 1),
(163, 'Armonía III', '00:45:00', 1),
(164, 'Armonía IV', '00:45:00', 1),
(165, 'Armonía I', '00:45:00', 2),
(166, 'Armonía II', '00:45:00', 2),
(167, 'Armonía III', '00:45:00', 2),
(168, 'Armonía IV', '00:45:00', 2),
(169, 'Armonía I', '00:45:00', 3),
(170, 'Armonía II', '00:45:00', 3),
(171, 'Armonía III', '00:45:00', 3),
(172, 'Armonía IV', '00:45:00', 3),
(173, 'Armonía I', '00:45:00', 4),
(174, 'Armonía II', '00:45:00', 4),
(175, 'Armonía III', '00:45:00', 4),
(176, 'Armonía IV', '00:45:00', 4),
(177, 'Armonía I', '00:45:00', 5),
(178, 'Armonía II', '00:45:00', 5),
(179, 'Armonía III', '00:45:00', 5),
(180, 'Armonía IV', '00:45:00', 5),
(181, 'Armonía I', '00:45:00', 6),
(182, 'Armonía II', '00:45:00', 6),
(183, 'Armonía III', '00:45:00', 6),
(184, 'Armonía IV', '00:45:00', 6),
(185, 'Armonía I', '00:45:00', 7),
(186, 'Armonía II', '00:45:00', 7),
(187, 'Armonía III', '00:45:00', 7),
(188, 'Armonía IV', '00:45:00', 7),
(189, 'Armonía I', '00:45:00', 8),
(190, 'Armonía II', '00:45:00', 8),
(191, 'Armonía III', '00:45:00', 8),
(192, 'Armonía IV', '00:45:00', 8),
(193, 'Armonía I', '00:45:00', 9),
(194, 'Armonía II', '00:45:00', 9),
(195, 'Armonía III', '00:45:00', 9),
(196, 'Armonía IV', '00:45:00', 9),
(197, 'Armonía I', '00:45:00', 10),
(198, 'Armonía II', '00:45:00', 10),
(199, 'Armonía III', '00:45:00', 10),
(200, 'Armonía IV', '00:45:00', 10),
(201, 'Instrumento I', '00:45:00', 11),
(202, 'Instrumento II', '00:45:00', 11),
(203, 'Instrumento III', '00:45:00', 11),
(204, 'Instrumento IV', '00:45:00', 11),
(205, 'Instrumento I', '00:45:00', 12),
(206, 'Instrumento II', '00:45:00', 12),
(207, 'Instrumento III', '00:45:00', 12),
(208, 'Instrumento IV', '00:45:00', 12),
(209, 'Instrumento I', '00:45:00', 13),
(210, 'Instrumento II', '00:45:00', 13),
(211, 'Instrumento III', '00:45:00', 13),
(212, 'Instrumento IV', '00:45:00', 13),
(213, 'Instrumento I', '00:45:00', 14),
(214, 'Instrumento II', '00:45:00', 14),
(215, 'Instrumento III', '00:45:00', 14),
(216, 'Instrumento IV', '00:45:00', 14),
(217, 'Canto I', '00:45:00', 11),
(218, 'Canto II', '00:45:00', 11),
(219, 'Canto III', '00:45:00', 11),
(220, 'Canto IV', '00:45:00', 11),
(221, 'Canto I', '00:45:00', 12),
(222, 'Canto II', '00:45:00', 12),
(223, 'Canto III', '00:45:00', 12),
(224, 'Canto IV', '00:45:00', 12),
(225, 'Canto I', '00:45:00', 13),
(226, 'Canto II', '00:45:00', 13),
(227, 'Canto III', '00:45:00', 13),
(228, 'Canto IV', '00:45:00', 13),
(229, 'Canto I', '00:45:00', 14),
(230, 'Canto II', '00:45:00', 14),
(231, 'Canto III', '00:45:00', 14),
(232, 'Canto IV', '00:45:00', 14),
(233, 'Instrumento I', '00:45:00', 15),
(234, 'Instrumento II', '00:45:00', 15),
(235, 'Instrumento III', '00:45:00', 15),
(236, 'Instrumento IV', '00:45:00', 15),
(237, 'Instrumento V', '00:45:00', 15),
(238, 'Instrumento VI', '00:45:00', 15),
(239, 'Instrumento I', '00:45:00', 16),
(240, 'Instrumento II', '00:45:00', 16),
(241, 'Instrumento III', '00:45:00', 16),
(242, 'Instrumento IV', '00:45:00', 16),
(243, 'Instrumento V', '00:45:00', 16),
(244, 'Instrumento VI', '00:45:00', 16),
(245, 'Instrumento I', '00:45:00', 17),
(246, 'Instrumento II', '00:45:00', 17),
(247, 'Instrumento III', '00:45:00', 17),
(248, 'Instrumento IV', '00:45:00', 17),
(249, 'Instrumento V', '00:45:00', 17),
(250, 'Instrumento VI', '00:45:00', 17),
(251, 'Instrumento I', '00:45:00', 18),
(252, 'Instrumento II', '00:45:00', 18),
(253, 'Instrumento III', '00:45:00', 18),
(254, 'Instrumento IV', '00:45:00', 18),
(255, 'Instrumento V', '00:45:00', 18),
(256, 'Instrumento VI', '00:45:00', 18),
(257, 'Instrumento I', '00:45:00', 19),
(258, 'Instrumento II', '00:45:00', 19),
(259, 'Instrumento III', '00:45:00', 19),
(260, 'Instrumento IV', '00:45:00', 19),
(261, 'Instrumento V', '00:45:00', 19),
(262, 'Instrumento VI', '00:45:00', 19),
(263, 'Instrumento I', '00:45:00', 20),
(264, 'Instrumento II', '00:45:00', 20),
(265, 'Instrumento III', '00:45:00', 20),
(266, 'Instrumento IV', '00:45:00', 20),
(267, 'Instrumento V', '00:45:00', 20),
(268, 'Instrumento VI', '00:45:00', 20),
(269, 'Instrumento I', '00:45:00', 21),
(270, 'Instrumento II', '00:45:00', 21),
(271, 'Instrumento III', '00:45:00', 21),
(272, 'Instrumento IV', '00:45:00', 21),
(273, 'Instrumento V', '00:45:00', 21),
(274, 'Instrumento VI', '00:45:00', 21),
(275, 'Instrumento I', '00:45:00', 22),
(276, 'Instrumento II', '00:45:00', 22),
(277, 'Instrumento III', '00:45:00', 22),
(278, 'Instrumento IV', '00:45:00', 22),
(279, 'Instrumento V', '00:45:00', 22),
(280, 'Instrumento VI', '00:45:00', 22),
(281, 'Instrumento I', '00:45:00', 23),
(282, 'Instrumento II', '00:45:00', 23),
(283, 'Instrumento III', '00:45:00', 23),
(284, 'Instrumento IV', '00:45:00', 23),
(285, 'Instrumento V', '00:45:00', 23),
(286, 'Instrumento VI', '00:45:00', 23),
(287, 'Instrumento I', '00:45:00', 24),
(288, 'Instrumento II', '00:45:00', 24),
(289, 'Instrumento III', '00:45:00', 24),
(290, 'Instrumento IV', '00:45:00', 24),
(291, 'Instrumento V', '00:45:00', 24),
(292, 'Instrumento VI', '00:45:00', 24);

-- --------------------------------------------------------

--
-- Estructura de tabla para la tabla `tbl_cobromatricula`
--

CREATE TABLE `tbl_cobromatricula` (
  `Id_cobro` int(11) NOT NULL,
  `TotalMatricula` decimal(8,2) NOT NULL
) ENGINE=InnoDB DEFAULT CHARSET=latin1;

-- --------------------------------------------------------

--
-- Estructura de tabla para la tabla `tbl_contrespon`
--

CREATE TABLE `tbl_contrespon` (
  `Id_ContResp` int(11) NOT NULL,
  `Nombre` varchar(25) NOT NULL,
  `Apellido` varchar(25) NOT NULL,
  `Telefono` decimal(12,0) NOT NULL,
  `Id_Tipo` int(11) NOT NULL,
  `Id_Alumno` int(11) NOT NULL
) ENGINE=InnoDB DEFAULT CHARSET=latin1;

-- --------------------------------------------------------

--
-- Estructura de tabla para la tabla `tbl_cuentacorriente`
--

CREATE TABLE `tbl_cuentacorriente` (
  `Id_Cuenta` int(11) NOT NULL,
  `MontoTotal` decimal(8,2) NOT NULL,
  `Mespago` varchar(15) NOT NULL,
  `Id_Alumno` int(11) NOT NULL,
  `Id_cobro` int(11) NOT NULL,
  `Id_precio` int(11) NOT NULL,
  `Id_Estado` int(11) NOT NULL,
  `Id_Matricula` int(11) NOT NULL,
  `Id_Descuento` int(11) NOT NULL
) ENGINE=InnoDB DEFAULT CHARSET=latin1;

-- --------------------------------------------------------

--
-- Estructura de tabla para la tabla `tbl_departamentos`
--

CREATE TABLE `tbl_departamentos` (
  `Id_Departamentos` int(11) NOT NULL,
  `DescripDepart` varchar(45) NOT NULL
) ENGINE=InnoDB DEFAULT CHARSET=latin1;

--
-- Volcado de datos para la tabla `tbl_departamentos`
--

INSERT INTO `tbl_departamentos` (`Id_Departamentos`, `DescripDepart`) VALUES
(1, 'DOCENCIA'),
(2, 'ADMINISTRACION');

-- --------------------------------------------------------

--
-- Estructura de tabla para la tabla `tbl_descuento`
--

CREATE TABLE `tbl_descuento` (
  `Id_Descuento` int(11) NOT NULL,
  `Descuento` varchar(15) NOT NULL,
  `DescripDesc` varchar(20) NOT NULL,
  `ValorDesc` decimal(8,2) NOT NULL
) ENGINE=InnoDB DEFAULT CHARSET=latin1;

--
-- Volcado de datos para la tabla `tbl_descuento`
--

INSERT INTO `tbl_descuento` (`Id_Descuento`, `Descuento`, `DescripDesc`, `ValorDesc`) VALUES
(1, 'MIEMBRO IGLESIA', 'MIEMBRO DE LA IGLESI', '0.15'),
(2, 'GRUPAL', 'DESC GRUPAL', '0.20');

-- --------------------------------------------------------

--
-- Estructura de tabla para la tabla `tbl_direcciones`
--

CREATE TABLE `tbl_direcciones` (
  `Id_Direcciones` int(11) NOT NULL,
  `Direccion` varchar(45) DEFAULT NULL,
  `Id_Alumno` int(11) DEFAULT NULL,
  `Id_Empleado` int(11) DEFAULT NULL
) ENGINE=InnoDB DEFAULT CHARSET=latin1;

--
-- Volcado de datos para la tabla `tbl_direcciones`
--

INSERT INTO `tbl_direcciones` (`Id_Direcciones`, `Direccion`, `Id_Alumno`, `Id_Empleado`) VALUES
(1, 'Res.Palmira', 5, 1),
(2, 'Col.Travesia', 1, 1);

-- --------------------------------------------------------

--
-- Estructura de tabla para la tabla `tbl_estado`
--

CREATE TABLE `tbl_estado` (
  `Id_Estado` int(11) NOT NULL,
  `DescripEstatus` varchar(15) NOT NULL
) ENGINE=InnoDB DEFAULT CHARSET=latin1;

--
-- Volcado de datos para la tabla `tbl_estado`
--

INSERT INTO `tbl_estado` (`Id_Estado`, `DescripEstatus`) VALUES
(1, 'NUEVO'),
(2, 'INACTIVO'),
(3, 'ACTIVO');

-- --------------------------------------------------------

--
-- Estructura de tabla para la tabla `tbl_estadocivil`
--

CREATE TABLE `tbl_estadocivil` (
  `Id_estadocivil` int(11) NOT NULL,
  `Descripcion` varchar(15) NOT NULL
) ENGINE=InnoDB DEFAULT CHARSET=latin1;

--
-- Volcado de datos para la tabla `tbl_estadocivil`
--

INSERT INTO `tbl_estadocivil` (`Id_estadocivil`, `Descripcion`) VALUES
(1, 'Soltero'),
(2, 'Casado');

-- --------------------------------------------------------

--
-- Estructura de tabla para la tabla `tbl_estadopago`
--

CREATE TABLE `tbl_estadopago` (
  `Id_Estado` int(11) NOT NULL,
  `EstadoPago` varchar(15) NOT NULL,
  `Descripcion` varchar(45) NOT NULL
) ENGINE=InnoDB DEFAULT CHARSET=latin1;

--
-- Volcado de datos para la tabla `tbl_estadopago`
--

INSERT INTO `tbl_estadopago` (`Id_Estado`, `EstadoPago`, `Descripcion`) VALUES
(1, 'PAGADO', 'PAGADO'),
(2, 'MORA', 'MORA');

-- --------------------------------------------------------

--
-- Estructura de tabla para la tabla `tbl_genero`
--

CREATE TABLE `tbl_genero` (
  `Id_genero` int(11) NOT NULL,
  `Descripcion` char(1) NOT NULL
) ENGINE=InnoDB DEFAULT CHARSET=latin1;

--
-- Volcado de datos para la tabla `tbl_genero`
--

INSERT INTO `tbl_genero` (`Id_genero`, `Descripcion`) VALUES
(1, 'F'),
(2, 'M');

-- --------------------------------------------------------

--
-- Estructura de tabla para la tabla `tbl_hist_contrasena`
--

CREATE TABLE `tbl_hist_contrasena` (
  `Id_Hist` int(11) NOT NULL,
  `Contrasena` longtext NOT NULL,
  `Id_usuario` int(11) NOT NULL,
  `FechaModificacion` date DEFAULT NULL,
  `FechaCreacion` date NOT NULL,
  `CreadoPor` varchar(15) NOT NULL,
  `ModificadoPor` varchar(15) DEFAULT NULL
) ENGINE=InnoDB DEFAULT CHARSET=latin1;

--
-- Volcado de datos para la tabla `tbl_hist_contrasena`
--

INSERT INTO `tbl_hist_contrasena` (`Id_Hist`, `Contrasena`, `Id_usuario`, `FechaModificacion`, `FechaCreacion`, `CreadoPor`, `ModificadoPor`) VALUES
(1, '$2y$10$yXHKpcdEmCwO7csb/0MO5.D3pMZTkNrRef0Ni01SOM3oziKojVAu2', 1, NULL, '2018-10-24', 'adminsis', NULL);

-- --------------------------------------------------------

--
-- Estructura de tabla para la tabla `tbl_matricula`
--

CREATE TABLE `tbl_matricula` (
  `Id_Matricula` int(11) NOT NULL,
  `Id_Alumno` int(11) NOT NULL,
  `Id_Seccion` int(11) NOT NULL,
  `Id_PeriodoAcm` int(11) NOT NULL
) ENGINE=InnoDB DEFAULT CHARSET=latin1;

--
-- Volcado de datos para la tabla `tbl_matricula`
--

INSERT INTO `tbl_matricula` (`Id_Matricula`, `Id_Alumno`, `Id_Seccion`, `Id_PeriodoAcm`) VALUES
(1, 1, 1, 2),
(2, 2, 9, 2),
(3, 7, 1, 2),
(4, 1, 3, 2),
(5, 1, 3, 2),
(6, 2, 2, 2);

-- --------------------------------------------------------

--
-- Estructura de tabla para la tabla `tbl_modalidades`
--

CREATE TABLE `tbl_modalidades` (
  `Id_Modalidad` int(11) NOT NULL,
  `DescripModalidad` varchar(45) NOT NULL
) ENGINE=InnoDB DEFAULT CHARSET=latin1;

--
-- Volcado de datos para la tabla `tbl_modalidades`
--

INSERT INTO `tbl_modalidades` (`Id_Modalidad`, `DescripModalidad`) VALUES
(1, 'Diplomado'),
(2, 'Tecnico'),
(3, 'Curso Libre');

-- --------------------------------------------------------

--
-- Estructura de tabla para la tabla `tbl_modseccion`
--

CREATE TABLE `tbl_modseccion` (
  `Id_Clase` int(11) NOT NULL,
  `Id_Seccion` int(11) NOT NULL
) ENGINE=InnoDB DEFAULT CHARSET=latin1;

--
-- Volcado de datos para la tabla `tbl_modseccion`
--

INSERT INTO `tbl_modseccion` (`Id_Clase`, `Id_Seccion`) VALUES
(1, 1);

-- --------------------------------------------------------

--
-- Estructura de tabla para la tabla `tbl_objetos`
--

CREATE TABLE `tbl_objetos` (
  `Id_Objeto` int(11) NOT NULL,
  `Objeto` varchar(100) NOT NULL,
  `Descripcion` varchar(100) NOT NULL,
  `TipoObjeto` varchar(15) NOT NULL,
  `FechaCreacion` date NOT NULL,
  `FechaModificacion` date DEFAULT NULL,
  `CreadoPor` varchar(15) NOT NULL,
  `ModificadoPor` varchar(15) DEFAULT NULL
) ENGINE=InnoDB DEFAULT CHARSET=latin1;

--
-- Volcado de datos para la tabla `tbl_objetos`
--

INSERT INTO `tbl_objetos` (`Id_Objeto`, `Objeto`, `Descripcion`, `TipoObjeto`, `FechaCreacion`, `FechaModificacion`, `CreadoPor`, `ModificadoPor`) VALUES
(1, 'Pantalla Login', 'Formulario de inicio de sesion', 'Pagina PHP', '2018-11-25', '2018-11-25', 'admin', NULL),
(2, 'Pantalla preguntas', 'Formulario de preguntas de seguridad', 'Pagina PHP', '2018-11-25', '2018-11-25', 'admin', NULL),
(3, 'Pantalla reposicion', 'Formulario de envio de correo de recuperacion de contraseña', 'Pagina PHP', '2018-11-25', '2018-11-25', 'admin', NULL),
(4, 'Pantalla autoregistro', 'Formulario de registro de usuarios', 'Pagina PHP', '2018-11-25', '2018-11-25', 'admin', NULL),
(5, 'Pantalla area trabajo', 'Formulario de entorno de trabajo principal', 'Pagina PHP', '2018-11-25', '2018-11-25', 'admin', NULL),
(6, 'Pantalla cambio password', 'Formulario para cambiar password del usuario', 'Pagina PHP', '2018-11-25', '2018-11-25', 'admin', NULL),
(7, 'cierra sesion', 'pagina de cierre de sesion', 'Pagina PHP', '2018-11-25', '2018-11-25', 'admin', NULL);

-- --------------------------------------------------------

--
-- Estructura de tabla para la tabla `tbl_obsnotas`
--

CREATE TABLE `tbl_obsnotas` (
  `Cod_Obs` int(11) NOT NULL,
  `Observacion` varchar(25) NOT NULL,
  `DescripObs` varchar(20) NOT NULL
) ENGINE=InnoDB DEFAULT CHARSET=latin1;

--
-- Volcado de datos para la tabla `tbl_obsnotas`
--

INSERT INTO `tbl_obsnotas` (`Cod_Obs`, `Observacion`, `DescripObs`) VALUES
(1, 'APR', 'APRBADO'),
(2, 'RPD', 'REPROBADO');

-- --------------------------------------------------------

--
-- Estructura de tabla para la tabla `tbl_orientacion`
--

CREATE TABLE `tbl_orientacion` (
  `Id_orientacion` int(11) NOT NULL,
  `Nombre` varchar(45) NOT NULL,
  `Id_modalidad` int(11) NOT NULL
) ENGINE=InnoDB DEFAULT CHARSET=latin1;

--
-- Volcado de datos para la tabla `tbl_orientacion`
--

INSERT INTO `tbl_orientacion` (`Id_orientacion`, `Nombre`, `Id_modalidad`) VALUES
(1, 'Piano', 1),
(2, 'Guitarra Acustica', 1),
(3, 'Guitarra Eléctrica', 1),
(4, 'Bajo', 1),
(5, 'Violin', 1),
(6, 'Flauta Traversa', 1),
(7, 'Trompeta', 1),
(8, 'Saxofón', 1),
(9, 'Canto', 1),
(10, 'Percusión ', 1),
(11, 'Piano', 2),
(12, 'Guitarra', 2),
(13, 'Bajo', 2),
(14, 'Batería', 2),
(15, 'Piano', 3),
(16, 'Guitarra Acustica', 3),
(17, 'Guitarra Eléctrica', 3),
(18, 'Bajo', 3),
(19, 'Violin', 3),
(20, 'Flauta Traversa', 3),
(21, 'Trompeta', 3),
(22, 'Saxofón', 3),
(23, 'Canto', 3),
(24, 'Percusión ', 3);

-- --------------------------------------------------------

--
-- Estructura de tabla para la tabla `tbl_pagoclases`
--

CREATE TABLE `tbl_pagoclases` (
  `Id_Pago` int(11) NOT NULL,
  `Duracion` decimal(10,0) NOT NULL,
  `Valor` decimal(8,2) NOT NULL,
  `Descripcion` varchar(45) NOT NULL,
  `Id_Clase` int(11) NOT NULL
) ENGINE=InnoDB DEFAULT CHARSET=latin1;

-- --------------------------------------------------------

--
-- Estructura de tabla para la tabla `tbl_parametros`
--

CREATE TABLE `tbl_parametros` (
  `Id_Parametro` int(11) NOT NULL,
  `Parametro` varchar(50) NOT NULL,
  `Valor` varchar(100) NOT NULL,
  `FechaCreacion` date NOT NULL,
  `FechaModificacion` date DEFAULT NULL,
  `Id_usuario` int(11) NOT NULL
) ENGINE=InnoDB DEFAULT CHARSET=latin1;

--
-- Volcado de datos para la tabla `tbl_parametros`
--

INSERT INTO `tbl_parametros` (`Id_Parametro`, `Parametro`, `Valor`, `FechaCreacion`, `FechaModificacion`, `Id_usuario`) VALUES
(1, 'ADMIN_INTENTOS_INVALIDOS', '1', '2018-11-07', NULL, 1),
(2, 'ADMIN_PREGUNTAS', '1', '2018-11-07', NULL, 1);

-- --------------------------------------------------------

--
-- Estructura de tabla para la tabla `tbl_periodoacademico`
--

CREATE TABLE `tbl_periodoacademico` (
  `Id_PeriodoAcm` int(11) NOT NULL,
  `DescripPeriodo` varchar(45) NOT NULL,
  `Activo` char(1) NOT NULL
) ENGINE=InnoDB DEFAULT CHARSET=latin1;

--
-- Volcado de datos para la tabla `tbl_periodoacademico`
--

INSERT INTO `tbl_periodoacademico` (`Id_PeriodoAcm`, `DescripPeriodo`, `Activo`) VALUES
(1, 'IPAC2018', '0'),
(2, 'IIPAC2018', '1');

-- --------------------------------------------------------

--
-- Estructura de tabla para la tabla `tbl_permisos`
--

CREATE TABLE `tbl_permisos` (
  `PermisoInsercion` tinytext NOT NULL,
  `PermisoEliminacion` tinytext NOT NULL,
  `PermisoActualizacion` tinytext NOT NULL,
  `PermisoConsultar` tinytext NOT NULL,
  `Id_Rol` int(11) NOT NULL,
  `Id_Objeto` int(11) NOT NULL,
  `CreadoPor` varchar(15) NOT NULL,
  `ModificadoPor` varchar(15) DEFAULT NULL,
  `FechaCreacion` date NOT NULL,
  `FechaModificacion` date DEFAULT NULL
) ENGINE=InnoDB DEFAULT CHARSET=latin1;

-- --------------------------------------------------------

--
-- Estructura de tabla para la tabla `tbl_personal`
--

CREATE TABLE `tbl_personal` (
  `Id_Empleado` int(11) NOT NULL,
  `PrimerNombre` varchar(15) NOT NULL,
  `SegundoNombre` varchar(15) DEFAULT NULL,
  `PrimerApellido` varchar(15) NOT NULL,
  `SegundoApellido` varchar(15) DEFAULT NULL,
  `Telefono` decimal(12,0) NOT NULL,
  `Email` varchar(30) NOT NULL,
  `Cedula` decimal(13,0) NOT NULL,
  `CreadoPor` varchar(15) NOT NULL,
  `ModificadoPor` varchar(15) DEFAULT NULL,
  `FechaCreacion` date NOT NULL,
  `FechaModificacion` date DEFAULT NULL,
  `Id_Departamentos` int(11) DEFAULT NULL,
  `Id_estadocivil` int(11) NOT NULL,
  `Id_genero` int(11) NOT NULL
) ENGINE=InnoDB DEFAULT CHARSET=latin1;

--
-- Volcado de datos para la tabla `tbl_personal`
--

INSERT INTO `tbl_personal` (`Id_Empleado`, `PrimerNombre`, `SegundoNombre`, `PrimerApellido`, `SegundoApellido`, `Telefono`, `Email`, `Cedula`, `CreadoPor`, `ModificadoPor`, `FechaCreacion`, `FechaModificacion`, `Id_Departamentos`, `Id_estadocivil`, `Id_genero`) VALUES
(1, 'MANUEL', NULL, 'ARGOS', 'PEREZ', '98703456', 'MANU.AORS3@HOTMAIL.COM', '1517198956702', 'PRUEBA', 'PRUEBA', '2018-10-10', '2018-10-10', 1, 1, 2),
(2, 'Keren', NULL, 'Yanes', NULL, '12345678', 'keren@yahoo.com', '801000000000', '', NULL, '0000-00-00', NULL, NULL, 1, 2),
(3, 'JONATHAN', '', 'CARCAMO', '', '0', '', '0', '', NULL, '0000-00-00', NULL, NULL, 1, 2),
(4, 'JONATHAN', '', 'CARCAMO', '', '0', '', '0', '', NULL, '0000-00-00', NULL, NULL, 1, 2),
(5, 'JONATHAN', '', 'CARCAMO', '', '0', '', '0', '', NULL, '0000-00-00', NULL, NULL, 1, 2),
(6, 'AUTO', 'REGISTRO', 'PRUEBA', '', '123456789', 'kul@gh.hn', '801000000000', '', NULL, '0000-00-00', NULL, NULL, 1, 2),
(7, 'FLOR', 'KARINA', 'PRUEBA', 'ZELEDON', '34343434', 'flor@gmail.com', '801199089675', 'PRUEBA', 'PRUEBA', '2018-10-10', '2018-10-10', 1, 1, 2),
(8, 'Leonardo', 'Jose', 'Ramos', 'Suazo', '98981212', 'leonardo@yahoo.com', '802199012121', 'Autoregistro', 'AutoRegistro', '2018-11-16', '2018-11-16', 1, 1, 1),
(9, 'Anderson', 'Luis', 'Souza', 'Farias', '33402121', 'leonardo@yahoo.com', '802199023231', 'Autoregistro', 'AutoRegistro', '2018-11-16', '2018-11-16', 1, 1, 1),
(10, 'Yency', 'pamela', 'aguilera', 'landa', '99081212', 'yency@yahoo.com', '801199012121', 'Autoregistro', 'AutoRegistro', '2018-11-16', '2018-11-16', 1, 1, 1),
(11, 'ana', 'nohelia', 'martinez', 'lozano', '22355412', 'ana@yahoo.com', '803199511223', 'Autoregistro', 'AutoRegistro', '2018-11-16', '2018-11-16', 1, 1, 1),
(12, 'juan', 'pablo', 'montes', 'rodezno', '90871234', 'juanp@yahoo.es', '804199055663', 'Autoregistro', 'AutoRegistro', '2018-11-16', '2018-11-16', 1, 1, 1),
(13, 'ruben', 'antonio', 'aguirre', 'soto', '23243434', 'benru@yahoo.com', '802199034344', 'Autoregistro', 'AutoRegistro', '2018-11-16', '2018-11-16', 1, 1, 1),
(14, 'Ringo', 'Saul', 'Star', 'Johnson', '99891212', 'ringo@hotmail.com', '801199023344', 'Autoregistro', 'AutoRegistro', '2018-11-17', '2018-11-17', 1, 1, 1),
(15, 'adelaida', 'joselina', 'flores', 'garcia', '95678912', 'adelaida@gmail.com', '802199023233', 'Autoregistro', 'AutoRegistro', '2018-11-18', '2018-11-18', 1, 1, 1),
(16, 'carlos', 'alberto', 'pavon', 'plumer', '98786745', 'carlos@gmail.com', '805197012345', 'Autoregistro', 'AutoRegistro', '2018-11-18', '2018-11-18', 1, 1, 1),
(17, 'silvia', 'florinda', 'villalobos', 'facusse', '22239898', 'silvia@gmail.com', '802197823456', 'Autoregistro', 'AutoRegistro', '2018-11-18', '2018-11-18', 1, 1, 1),
(18, 'mayra', 'eliza', 'zuniga', 'argueta', '98784512', 'mayra@gmail.com', '802199023231', 'Autoregistro', 'AutoRegistro', '2018-11-19', '2018-11-19', 1, 1, 1),
(19, 'rocko', 'wallaby', 'peña', 'ucles', '34567890', 'carlos_metalmaniac@hotmail.com', '801199056564', 'Autoregistro', 'AutoRegistro', '2018-11-21', '2018-11-21', 1, 1, 1),
(20, 'Yosseline', 'Nicolle', 'Varela', 'Lanza', '22222222', 'ni-colle@hotmail.com', '801199588746', 'Autoregistro', 'AutoRegistro', '2018-12-01', '2018-12-01', 1, 1, 1),
(21, 'Cesar', 'paulino', 'lopez', 'lopez', '98693654', 'mariovarela018@gmail.com', '801195878963', 'Autoregistro', 'AutoRegistro', '2018-12-01', '2018-12-01', 1, 1, 1),
(22, 'gabriela', 'maria', 'cerrato', 'gomez', '36965479', 'gabriela@hotmail.com', '801195636974', 'Autoregistro', 'AutoRegistro', '2018-12-01', '2018-12-01', 1, 1, 1),
(23, 'Maria', 'magdalena', 'lanza', 'martinez', '23256987', 'magda@gmail.com', '801159636957', 'Autoregistro', 'AutoRegistro', '2018-12-01', '2018-12-01', 1, 1, 1),
(24, 'axel', 'jose', 'flores', 'landa', '23232625', 'juanc.romeroruiz@hotmail.com', '801195878960', 'Autoregistro', 'AutoRegistro', '2018-12-01', '2018-12-01', 1, 1, 1),
(25, 'luz', NULL, 'gonzalez', NULL, '22556396', 'luz@gmail.com', '801195636987', '', NULL, '0000-00-00', NULL, NULL, 1, 2),
(26, 'luz', NULL, 'gonzalez', NULL, '22556396', 'luz@gmail.com', '801195636987', '', NULL, '0000-00-00', NULL, NULL, 1, 2),
(27, 'luz', NULL, 'gonzalez', NULL, '22556396', 'luz@gmail.com', '801195636987', '', NULL, '0000-00-00', NULL, NULL, 1, 2),
(28, 'irma', 'lastenia', 'gonzales', 'lopez', '22222222', 'irma.alonzo1@hotmail.com', '801199585968', 'Autoregistro', 'AutoRegistro', '2018-12-01', '2018-12-01', 1, 1, 1);

-- --------------------------------------------------------

--
-- Estructura de tabla para la tabla `tbl_planilla`
--

CREATE TABLE `tbl_planilla` (
  `Id_Planilla` int(11) NOT NULL,
  `Descripcion` varchar(45) NOT NULL,
  `Valor` decimal(8,2) NOT NULL,
  `MesPago` varchar(15) NOT NULL
) ENGINE=InnoDB DEFAULT CHARSET=latin1;

-- --------------------------------------------------------

--
-- Estructura de tabla para la tabla `tbl_planillapago`
--

CREATE TABLE `tbl_planillapago` (
  `MesPago` varchar(10) NOT NULL,
  `TotalPagar` decimal(8,2) DEFAULT NULL,
  `FechaGen` date DEFAULT NULL,
  `FechaPago` date DEFAULT NULL,
  `Id_Empleado` int(11) NOT NULL,
  `Id_asistencia` int(11) NOT NULL,
  `Id_Planilla` int(11) NOT NULL,
  `Id_Pago` int(11) NOT NULL
) ENGINE=InnoDB DEFAULT CHARSET=latin1;

-- --------------------------------------------------------

--
-- Estructura de tabla para la tabla `tbl_precio`
--

CREATE TABLE `tbl_precio` (
  `Id_precio` int(11) NOT NULL,
  `Precio` decimal(8,2) NOT NULL,
  `Descripcion` varchar(45) NOT NULL
) ENGINE=InnoDB DEFAULT CHARSET=latin1;

-- --------------------------------------------------------

--
-- Estructura de tabla para la tabla `tbl_preguntas`
--

CREATE TABLE `tbl_preguntas` (
  `Id_Pregunta` int(11) NOT NULL,
  `Pregunta` varchar(45) NOT NULL,
  `CreadoPor` varchar(15) NOT NULL,
  `ModificadoPor` varchar(15) DEFAULT NULL,
  `FechaCreacion` date NOT NULL,
  `FechaModificacion` date DEFAULT NULL
) ENGINE=InnoDB DEFAULT CHARSET=latin1;

--
-- Volcado de datos para la tabla `tbl_preguntas`
--

INSERT INTO `tbl_preguntas` (`Id_Pregunta`, `Pregunta`, `CreadoPor`, `ModificadoPor`, `FechaCreacion`, `FechaModificacion`) VALUES
(1, 'Cual era el nombre de tu primera mascota?', '1', NULL, '2018-11-07', NULL),
(2, 'Cual es el nombre de la ciudad en que naciste', '1', NULL, '2018-11-07', NULL),
(3, 'Cual era tu apodo de niño?', '1', NULL, '2018-11-07', NULL),
(4, 'Cual era el nombre de tu primer maestro?', '1', NULL, '2018-10-10', NULL),
(5, 'Cual es tu color favorito?', '1', NULL, '2018-10-10', NULL);

-- --------------------------------------------------------

--
-- Estructura de tabla para la tabla `tbl_preguntasusuario`
--

CREATE TABLE `tbl_preguntasusuario` (
  `Respuesta` varchar(45) NOT NULL,
  `Id_usuario` int(11) NOT NULL,
  `Id_Pregunta` int(11) NOT NULL,
  `FechaCreacion` date NOT NULL,
  `FechaModificacion` date DEFAULT NULL,
  `CreadoPor` varchar(15) NOT NULL,
  `ModificadoPor` varchar(15) DEFAULT NULL
) ENGINE=InnoDB DEFAULT CHARSET=latin1;

--
-- Volcado de datos para la tabla `tbl_preguntasusuario`
--

INSERT INTO `tbl_preguntasusuario` (`Respuesta`, `Id_usuario`, `Id_Pregunta`, `FechaCreacion`, `FechaModificacion`, `CreadoPor`, `ModificadoPor`) VALUES
('Coco', 12, 1, '2018-11-16', '2018-11-16', 'Autoregistro', 'Autoregistro'),
('Tegucigalpa', 12, 2, '2018-11-16', '2018-11-16', 'Autoregistro', 'Autoregistro'),
('Rocky', 16, 1, '2018-11-19', '2018-11-19', 'Autoregistro', 'Autoregistro'),
('Comayagua', 16, 2, '2018-11-19', '2018-11-19', 'Autoregistro', 'Autoregistro'),
('Rommel', 16, 4, '2018-11-19', '2018-11-19', 'Autoregistro', 'Autoregistro'),
('Nena', 16, 3, '2018-11-19', '2018-11-19', 'Autoregistro', 'Autoregistro'),
('Silvita', 15, 3, '2018-11-19', '2018-11-19', 'Autoregistro', 'Autoregistro'),
('Rosa', 15, 5, '2018-11-19', '2018-11-19', 'Autoregistro', 'Autoregistro'),
('Siguatepeque', 15, 2, '2018-11-19', '2018-11-19', 'Autoregistro', 'Autoregistro'),
('vox', 17, 3, '2018-11-21', '2018-11-21', 'Autoregistro', 'Autoregistro'),
('azul', 17, 5, '2018-11-21', '2018-11-21', 'Autoregistro', 'Autoregistro'),
('tegus', 18, 2, '2018-12-01', '2018-12-01', 'Autoregistro', 'Autoregistro'),
('coki', 19, 1, '2018-12-01', '2018-12-01', 'Autoregistro', 'Autoregistro'),
('Chungo', 19, 3, '2018-12-01', '2018-12-01', 'Autoregistro', 'Autoregistro'),
('coki', 21, 1, '2018-12-01', '2018-12-01', 'Autoregistro', 'Autoregistro'),
('pulga', 22, 1, '2018-12-01', '2018-12-01', 'Autoregistro', 'Autoregistro'),
('popi', 23, 1, '2018-12-01', '2018-12-01', 'Autoregistro', 'Autoregistro'),
('colocha', 23, 3, '2018-12-01', '2018-12-01', 'Autoregistro', 'Autoregistro');

-- --------------------------------------------------------

--
-- Estructura de tabla para la tabla `tbl_roles`
--

CREATE TABLE `tbl_roles` (
  `Id_Rol` int(11) NOT NULL,
  `Rol` varchar(30) NOT NULL,
  `DescripRol` varchar(20) NOT NULL,
  `CreadoPor` varchar(15) NOT NULL,
  `ModifcadoPor` varchar(15) DEFAULT NULL,
  `FechaCreacion` date NOT NULL,
  `FechaModificacion` date DEFAULT NULL
) ENGINE=InnoDB DEFAULT CHARSET=latin1;

--
-- Volcado de datos para la tabla `tbl_roles`
--

INSERT INTO `tbl_roles` (`Id_Rol`, `Rol`, `DescripRol`, `CreadoPor`, `ModifcadoPor`, `FechaCreacion`, `FechaModificacion`) VALUES
(1, 'ADMINISTRADOR', 'EDITAR', 'PRUEBA', 'PRUEBA', '2018-10-17', '2018-10-17'),
(2, 'DIRECTOR', 'Director', 'PRUEBA', 'PRUEBA', '2018-10-10', '2018-10-10'),
(3, 'DOCENTE', 'Docente', 'PRUEBA', 'PRUEBA', '2018-10-10', '2018-10-10'),
(4, 'AUTENTICADO', 'Usuario registrado.', 'SELF', 'SELF', '2018-11-16', '2018-11-16');

-- --------------------------------------------------------

--
-- Estructura de tabla para la tabla `tbl_secciones`
--

CREATE TABLE `tbl_secciones` (
  `Id_Seccion` int(11) NOT NULL,
  `DescripSeccion` varchar(45) NOT NULL,
  `HraClase` time DEFAULT NULL,
  `AulaClase` varchar(15) DEFAULT NULL,
  `Id_Clase` int(11) NOT NULL,
  `Id_Empleado` int(11) NOT NULL,
  `Id_PeriodoAcm` int(11) NOT NULL
) ENGINE=InnoDB DEFAULT CHARSET=latin1;

--
-- Volcado de datos para la tabla `tbl_secciones`
--

INSERT INTO `tbl_secciones` (`Id_Seccion`, `DescripSeccion`, `HraClase`, `AulaClase`, `Id_Clase`, `Id_Empleado`, `Id_PeriodoAcm`) VALUES
(1, '10 am', '00:59:00', '206', 1, 1, 2),
(2, '11 am', '00:59:00', '306', 201, 1, 2),
(3, '10 am', '00:50:00', '235', 2, 3, 2),
(7, '10 am', '00:50:00', '123', 245, 12, 2),
(8, '1 pm', '00:50:00', '456', 233, 15, 2),
(9, '2 pm', '00:45:00', '123', 228, 12, 2),
(10, '11 am', '00:50:00', '89', 257, 7, 2),
(11, '10 am', '00:45:00', '265', 200, 8, 2),
(12, '10 am', '00:45:00', '265', 199, 5, 2),
(13, '8 AM', '00:50:00', '156', 101, 1, 2),
(14, '8 AM', '00:50:00', '156', 102, 12, 2),
(15, '8 AM', '00:50:00', '63', 171, 14, 2),
(16, '9 am', '00:50:00', '123', 264, 15, 2),
(17, '10 am', '00:50:00', '263', 101, 7, 2),
(18, '11 am', '00:50:00', '123', 202, 3, 2),
(19, '1 pm', '00:50:00', '123', 202, 3, 2),
(20, '9 am', '00:45:00', '456', 203, 10, 2),
(21, '10-11', '00:45:00', '102', 205, 10, 2);

-- --------------------------------------------------------

--
-- Estructura de tabla para la tabla `tbl_tipocontacto`
--

CREATE TABLE `tbl_tipocontacto` (
  `Id_Tipo` int(11) NOT NULL,
  `Tipo` varchar(15) NOT NULL,
  `Descripcion` varchar(45) NOT NULL
) ENGINE=InnoDB DEFAULT CHARSET=latin1;

-- --------------------------------------------------------

--
-- Estructura de tabla para la tabla `tbl_usuarios`
--

CREATE TABLE `tbl_usuarios` (
  `Id_usuario` int(11) NOT NULL,
  `Usuario` varchar(15) NOT NULL,
  `Contrasena` longtext NOT NULL,
  `FechaUltimaConex` timestamp NULL DEFAULT CURRENT_TIMESTAMP ON UPDATE CURRENT_TIMESTAMP,
  `PrimerNombre` varchar(15) NOT NULL,
  `SegundoNombre` varchar(15) DEFAULT NULL,
  `PrimerApellido` varchar(15) NOT NULL,
  `SegundoApellido` varchar(15) DEFAULT NULL,
  `Telefono` int(11) NOT NULL,
  `Cedula` int(13) NOT NULL,
  `PreguntasContestadas` bigint(20) NOT NULL,
  `PrimerIngreso` bigint(20) DEFAULT NULL,
  `FechaVencimiento` date NOT NULL,
  `CorreoElectronico` varchar(50) DEFAULT NULL,
  `Id_Departamento` int(11) NOT NULL,
  `Id_EstadoCivil` int(11) NOT NULL,
  `Id_Genero` int(11) NOT NULL,
  `Id_Estado` int(11) NOT NULL,
  `Id_Rol` int(11) NOT NULL,
  `FechaCreacion` date NOT NULL,
  `FechaModificacion` date DEFAULT NULL,
  `CreadoPor` varchar(15) NOT NULL,
  `ModificadoPor` varchar(15) DEFAULT NULL,
  `code` varchar(100) CHARACTER SET utf8 DEFAULT NULL
) ENGINE=InnoDB DEFAULT CHARSET=latin1;

--
-- Volcado de datos para la tabla `tbl_usuarios`
--

INSERT INTO `tbl_usuarios` (`Id_usuario`, `Usuario`, `Contrasena`, `FechaUltimaConex`, `PrimerNombre`, `SegundoNombre`, `PrimerApellido`, `SegundoApellido`, `Telefono`, `Cedula`, `PreguntasContestadas`, `PrimerIngreso`, `FechaVencimiento`, `CorreoElectronico`, `Id_Departamento`, `Id_EstadoCivil`, `Id_Genero`, `Id_Estado`, `Id_Rol`, `FechaCreacion`, `FechaModificacion`, `CreadoPor`, `ModificadoPor`, `code`) VALUES
(1, 'ADMIN', '$2y$10$KBv7ZLSMURl3ipU0f03lFu.vZ435MhsnNh0upmRjPDiZaKptU8Ht.', '2019-02-01 08:40:16', 'Administrador', NULL, '', NULL, 0, 0, 1, 1, '2020-12-31', 'admin@admin.com', 0, 0, 0, 3, 1, '2018-10-22', '2018-10-22', 'adminsis', 'adminsis', NULL),
(2, 'PRUEBA', '$2y$10$qwy0xUFNw0PNK9FPtlPXGu4kJk0i0d4U96Z1GSE2ljDGt/zD2Y0mC', '2019-02-01 08:40:57', 'Prueba', NULL, '', NULL, 0, 0, 3, NULL, '2018-11-30', 'prueba@prueba.com', 0, 0, 0, 3, 1, '2018-11-07', NULL, '1', NULL, NULL),
(6, 'florinda', '$2y$10$jStFsll4d2Zqgftn0ZbjXOOvRAiSYwY9oiABB.Nha3bjlTBZZGg0K', '2018-11-09 04:16:53', '', NULL, '', NULL, 0, 0, 3, NULL, '2018-11-30', 'flor@venenosa.com', 0, 0, 0, 1, 3, '2018-11-09', '2018-11-09', 'Admin', NULL, NULL),
(7, 'rocko', 'Adm@1212', '2018-11-16 06:00:00', '', NULL, '', NULL, 0, 0, 0, NULL, '2018-12-16', 'leonardo@yahoo.com', 0, 0, 0, 1, 4, '2018-11-16', '2018-11-16', 'Autoregistro', NULL, NULL),
(8, 'pamela23', 'Adm@1212', '2018-11-16 06:00:00', '', NULL, '', NULL, 0, 0, 0, NULL, '2018-12-16', 'yency@yahoo.com', 0, 0, 0, 1, 4, '2018-11-16', '2018-11-16', 'Autoregistro', NULL, NULL),
(10, 'juanp23', 'Adm@1212', '2018-11-16 06:00:00', '', NULL, '', NULL, 0, 0, 0, NULL, '2018-12-16', 'juanp@yahoo.es', 0, 0, 0, 1, 4, '2018-11-16', '2018-11-16', 'Autoregistro', NULL, NULL),
(11, 'girafales', 'Adm@1212', '2018-11-16 06:00:00', '', NULL, '', NULL, 0, 0, 0, NULL, '2018-12-16', 'benru@yahoo.com', 0, 0, 0, 1, 4, '2018-11-16', '2018-11-16', 'Autoregistro', NULL, NULL),
(12, 'zimbo', 'Adm@1212', '2018-11-17 06:00:00', '', NULL, '', NULL, 0, 0, 0, NULL, '2018-12-17', 'ringo@hotmail.com', 0, 0, 0, 1, 4, '2018-11-17', '2018-11-17', 'Autoregistro', NULL, NULL),
(13, 'adelaida12', 'Adm@1212', '2018-11-18 06:00:00', '', NULL, '', NULL, 0, 0, 0, NULL, '2018-12-18', 'adelaida@gmail.com', 0, 0, 0, 1, 4, '2018-11-18', '2018-11-18', 'Autoregistro', NULL, NULL),
(14, 'carlospavon', '$2y$10$fRsRQ/E4tEdCjZdgBZbkDuWcjnJFa3vX28Kp8gJLlwZ5hhGSCuYYW', '2018-11-18 06:00:00', '', NULL, '', NULL, 0, 0, 0, NULL, '2018-12-18', 'carlos@gmail.com', 0, 0, 0, 1, 4, '2018-11-18', '2018-11-18', 'Autoregistro', NULL, NULL),
(15, 'silvita2', '$2y$10$dXIDV2cPlF0.5TlArmxLx.LI4yXNJK0T0f7aETBhmsj7lNykJmo2G', '2018-11-19 18:34:09', '', NULL, '', NULL, 0, 0, 0, NULL, '2018-12-18', 'silvia@gmail.com', 0, 0, 0, 3, 4, '2018-11-18', '2018-11-18', 'Autoregistro', NULL, NULL),
(16, 'mayra45', '$2y$10$UyFHS9Fenyuy4BwqDvbTuO3ZaqgAtN9z04jCrej4reiyF4yFZMeou', '2018-11-19 18:28:10', '', NULL, '', NULL, 0, 0, 0, NULL, '2018-12-19', 'mayra@gmail.com', 0, 0, 0, 3, 4, '2018-11-19', '2018-11-19', 'Autoregistro', NULL, NULL),
(17, 'rocko2', '$2y$10$GPWkl2Up3lCtxUXHSMfH6edYhJJFyDdz6btZpvtb6l2WqzQMUpH4m', '2018-11-21 20:48:14', '', NULL, '', NULL, 0, 0, 0, NULL, '2018-12-21', 'carlos_metalmaniac@hotmail.com', 0, 0, 0, 3, 4, '2018-11-21', '2018-11-21', 'Autoregistro', NULL, NULL),
(18, 'nicki', '$2y$10$Ff2cRpHTJyMwc4ug5FwNheHhc3n/.Fd1hfnps3Yx2c/hf2Jux95Wu', '2018-12-01 07:22:25', '', NULL, '', NULL, 0, 0, 0, NULL, '0000-00-00', 'ni-colle@hotmail.com', 0, 0, 0, 3, 4, '2018-12-01', '2018-12-01', 'Autoregistro', NULL, 'XwoNTxLT5'),
(19, 'cesar1', '$2y$10$0OAhhmro9QWzin.DrBsvM.ogviFr8QIR92YO1hy0.XjeQhZ80gxPq', '2018-12-01 07:28:30', '', NULL, '', NULL, 0, 0, 0, NULL, '2019-02-02', 'mariovarela018@gmail.com', 0, 0, 0, 3, 4, '2018-12-01', '2018-12-01', 'Autoregistro', NULL, 'oxo9M5pQN'),
(20, 'gaby', '$2y$10$yxcSsQa0m9pUbqTw34nxiONN8qgaeWnTJYwHMyimfYqulv7HbXQK6', '2018-12-01 06:00:00', '', NULL, '', NULL, 0, 0, 0, NULL, '0000-00-00', 'gabriela@hotmail.com', 0, 0, 0, 1, 4, '2018-12-01', '2018-12-01', 'Autoregistro', NULL, NULL),
(21, 'magda', '$2y$10$81q2Lyhpik0Bg2FQoND2RufOjr2N0dkMmv4NZbxpmaU6zqHo2dv0m', '2018-12-01 07:39:31', '', NULL, '', NULL, 0, 0, 0, NULL, '2019-02-02', 'magda@gmail.com', 0, 0, 0, 3, 4, '2018-12-01', '2018-12-01', 'Autoregistro', NULL, NULL),
(22, 'axel1', '$2y$10$O0R0V3Vf2Uo4u.HVpd0XF.E5o9Jr9BxGlPUiN/57RitQd/.4qWPJS', '2018-12-01 07:45:46', '', NULL, '', NULL, 0, 0, 0, NULL, '2019-02-02', 'juanc.romeroruiz@hotmail.com', 0, 0, 0, 3, 4, '2018-12-01', '2018-12-01', 'Autoregistro', NULL, 'fncipbBJR'),
(23, 'irma1', '$2y$10$gcXEHMYNETkyJ6zkNkbfse2qsKoabGm7cY6GlbAd9Gq2gKNQNledO', '2018-12-01 18:44:46', '', NULL, '', NULL, 0, 0, 0, NULL, '2019-02-02', 'irma.alonzo1@hotmail.com', 0, 0, 0, 3, 4, '2018-12-01', '2018-12-01', 'Autoregistro', NULL, NULL);

--
-- Índices para tablas volcadas
--

--
-- Indices de la tabla `tbl_alumnos`
--
ALTER TABLE `tbl_alumnos`
  ADD PRIMARY KEY (`Id_Alumno`),
  ADD KEY `fkIdx_gen_alum` (`Id_genero`),
  ADD KEY `fkIdx_estcivil_alum` (`Id_estadocivil`);

--
-- Indices de la tabla `tbl_asistencia`
--
ALTER TABLE `tbl_asistencia`
  ADD PRIMARY KEY (`Id_asistencia`),
  ADD KEY `fkIdx_Clas_Asis` (`Id_Clase`),
  ADD KEY `fkIdx_Pers_Asis` (`Id_Empleado`);

--
-- Indices de la tabla `tbl_bitacora`
--
ALTER TABLE `tbl_bitacora`
  ADD PRIMARY KEY (`Id_Bitacora`),
  ADD KEY `fkIdx_Usuario_Bit` (`Id_usuario`),
  ADD KEY `fkIdx_Obj_Bit` (`Id_Objeto`);

--
-- Indices de la tabla `tbl_calificaciones`
--
ALTER TABLE `tbl_calificaciones`
  ADD PRIMARY KEY (`Id_Calificaciones`),
  ADD KEY `fkIdx_Alumno_Cal` (`Id_Alumno`),
  ADD KEY `fkIdx_Seccion_Cal` (`Id_Seccion`),
  ADD KEY `fkIdx_Obs_Cal` (`Cod_Obs`),
  ADD KEY `fkIdx_Clases_Cal` (`Id_Clase`);

--
-- Indices de la tabla `tbl_clases`
--
ALTER TABLE `tbl_clases`
  ADD PRIMARY KEY (`Id_Clase`),
  ADD KEY `fkIdx_oreintacion_Clase` (`Id_orientacion`);

--
-- Indices de la tabla `tbl_cobromatricula`
--
ALTER TABLE `tbl_cobromatricula`
  ADD PRIMARY KEY (`Id_cobro`);

--
-- Indices de la tabla `tbl_contrespon`
--
ALTER TABLE `tbl_contrespon`
  ADD PRIMARY KEY (`Id_ContResp`),
  ADD KEY `fkIdx_TCont_ContResp` (`Id_Tipo`),
  ADD KEY `fkIdx_Alumno_ContResp` (`Id_Alumno`);

--
-- Indices de la tabla `tbl_cuentacorriente`
--
ALTER TABLE `tbl_cuentacorriente`
  ADD PRIMARY KEY (`Id_Cuenta`),
  ADD KEY `fkIdx_Alum_CCorriente` (`Id_Alumno`),
  ADD KEY `fkIdx_CMatri_CCorriente` (`Id_cobro`),
  ADD KEY `fkIdx_Precio_CCorriente` (`Id_precio`),
  ADD KEY `fkIdx_EstPago_CCorriente` (`Id_Estado`),
  ADD KEY `fkIdx_Matri_CCorriente` (`Id_Matricula`),
  ADD KEY `fkIdx_Desc_CCorriente` (`Id_Descuento`);

--
-- Indices de la tabla `tbl_departamentos`
--
ALTER TABLE `tbl_departamentos`
  ADD PRIMARY KEY (`Id_Departamentos`);

--
-- Indices de la tabla `tbl_descuento`
--
ALTER TABLE `tbl_descuento`
  ADD PRIMARY KEY (`Id_Descuento`);

--
-- Indices de la tabla `tbl_direcciones`
--
ALTER TABLE `tbl_direcciones`
  ADD PRIMARY KEY (`Id_Direcciones`),
  ADD KEY `fkIdx_Alumno_Dir` (`Id_Alumno`),
  ADD KEY `fkIdx_Pers_Dir` (`Id_Empleado`);

--
-- Indices de la tabla `tbl_estado`
--
ALTER TABLE `tbl_estado`
  ADD PRIMARY KEY (`Id_Estado`);

--
-- Indices de la tabla `tbl_estadocivil`
--
ALTER TABLE `tbl_estadocivil`
  ADD PRIMARY KEY (`Id_estadocivil`);

--
-- Indices de la tabla `tbl_estadopago`
--
ALTER TABLE `tbl_estadopago`
  ADD PRIMARY KEY (`Id_Estado`);

--
-- Indices de la tabla `tbl_genero`
--
ALTER TABLE `tbl_genero`
  ADD PRIMARY KEY (`Id_genero`);

--
-- Indices de la tabla `tbl_hist_contrasena`
--
ALTER TABLE `tbl_hist_contrasena`
  ADD PRIMARY KEY (`Id_Hist`),
  ADD KEY `fkIdx_Usuario_HistC` (`Id_usuario`);

--
-- Indices de la tabla `tbl_matricula`
--
ALTER TABLE `tbl_matricula`
  ADD PRIMARY KEY (`Id_Matricula`),
  ADD KEY `fkIdx_Alumno_Matricula` (`Id_Alumno`),
  ADD KEY `fkIdx_Seccion_Matr` (`Id_Seccion`),
  ADD KEY `fkIdx_Periodo_Matri` (`Id_PeriodoAcm`);

--
-- Indices de la tabla `tbl_modalidades`
--
ALTER TABLE `tbl_modalidades`
  ADD PRIMARY KEY (`Id_Modalidad`);

--
-- Indices de la tabla `tbl_modseccion`
--
ALTER TABLE `tbl_modseccion`
  ADD KEY `fkIdx_Clases_ModSec` (`Id_Clase`),
  ADD KEY `fkIdx_Sec_ModSec` (`Id_Seccion`);

--
-- Indices de la tabla `tbl_objetos`
--
ALTER TABLE `tbl_objetos`
  ADD PRIMARY KEY (`Id_Objeto`);

--
-- Indices de la tabla `tbl_obsnotas`
--
ALTER TABLE `tbl_obsnotas`
  ADD PRIMARY KEY (`Cod_Obs`);

--
-- Indices de la tabla `tbl_orientacion`
--
ALTER TABLE `tbl_orientacion`
  ADD PRIMARY KEY (`Id_orientacion`),
  ADD KEY `fkIdx_Mod_orientacion` (`Id_modalidad`);

--
-- Indices de la tabla `tbl_pagoclases`
--
ALTER TABLE `tbl_pagoclases`
  ADD PRIMARY KEY (`Id_Pago`),
  ADD KEY `fkIdx_Clases_PagoC` (`Id_Clase`);

--
-- Indices de la tabla `tbl_parametros`
--
ALTER TABLE `tbl_parametros`
  ADD PRIMARY KEY (`Id_Parametro`),
  ADD KEY `fkIdx_Usuario_Par` (`Id_usuario`);

--
-- Indices de la tabla `tbl_periodoacademico`
--
ALTER TABLE `tbl_periodoacademico`
  ADD PRIMARY KEY (`Id_PeriodoAcm`);

--
-- Indices de la tabla `tbl_permisos`
--
ALTER TABLE `tbl_permisos`
  ADD KEY `fkIdx_Rol_Permisos` (`Id_Rol`),
  ADD KEY `fkIdx_Obj_Permisos` (`Id_Objeto`);

--
-- Indices de la tabla `tbl_personal`
--
ALTER TABLE `tbl_personal`
  ADD PRIMARY KEY (`Id_Empleado`),
  ADD KEY `fkIdx_Dept_Pers` (`Id_Departamentos`),
  ADD KEY `fkIdx_estcivil_pers` (`Id_estadocivil`),
  ADD KEY `fkIdx_gen_pers` (`Id_genero`);

--
-- Indices de la tabla `tbl_planilla`
--
ALTER TABLE `tbl_planilla`
  ADD PRIMARY KEY (`Id_Planilla`);

--
-- Indices de la tabla `tbl_planillapago`
--
ALTER TABLE `tbl_planillapago`
  ADD KEY `fkIdx_Pers_PPago` (`Id_Empleado`),
  ADD KEY `fkIdx_Asist_PPago` (`Id_asistencia`),
  ADD KEY `fkIdx_Planilla_PPago` (`Id_Planilla`),
  ADD KEY `fkIdx_PClases_PPago` (`Id_Pago`);

--
-- Indices de la tabla `tbl_precio`
--
ALTER TABLE `tbl_precio`
  ADD PRIMARY KEY (`Id_precio`);

--
-- Indices de la tabla `tbl_preguntas`
--
ALTER TABLE `tbl_preguntas`
  ADD PRIMARY KEY (`Id_Pregunta`);

--
-- Indices de la tabla `tbl_preguntasusuario`
--
ALTER TABLE `tbl_preguntasusuario`
  ADD KEY `fkIdx_Usuario_PUsuario` (`Id_usuario`),
  ADD KEY `fkIdx_Preguntas_PUsuario` (`Id_Pregunta`);

--
-- Indices de la tabla `tbl_roles`
--
ALTER TABLE `tbl_roles`
  ADD PRIMARY KEY (`Id_Rol`);

--
-- Indices de la tabla `tbl_secciones`
--
ALTER TABLE `tbl_secciones`
  ADD PRIMARY KEY (`Id_Seccion`),
  ADD KEY `fkIdx_clase_Seccion` (`Id_PeriodoAcm`),
  ADD KEY `fkIdx_Pers_Seccion` (`Id_Empleado`),
  ADD KEY `fkIdx_Periodo_Seccion` (`Id_PeriodoAcm`),
  ADD KEY `FK_Clase_Seccion` (`Id_Clase`);

--
-- Indices de la tabla `tbl_tipocontacto`
--
ALTER TABLE `tbl_tipocontacto`
  ADD PRIMARY KEY (`Id_Tipo`);

--
-- Indices de la tabla `tbl_usuarios`
--
ALTER TABLE `tbl_usuarios`
  ADD PRIMARY KEY (`Id_usuario`),
  ADD KEY `fkIdx_Rol_Usuario` (`Id_Rol`),
  ADD KEY `fkIdx_Est_Usuario` (`Id_Estado`),
  ADD KEY `fkIdx_Id_Departamento` (`Id_Departamento`) USING BTREE;

--
-- AUTO_INCREMENT de las tablas volcadas
--

--
-- AUTO_INCREMENT de la tabla `tbl_alumnos`
--
ALTER TABLE `tbl_alumnos`
  MODIFY `Id_Alumno` int(11) NOT NULL AUTO_INCREMENT, AUTO_INCREMENT=9;

--
-- AUTO_INCREMENT de la tabla `tbl_asistencia`
--
ALTER TABLE `tbl_asistencia`
  MODIFY `Id_asistencia` int(11) NOT NULL AUTO_INCREMENT, AUTO_INCREMENT=2;

--
-- AUTO_INCREMENT de la tabla `tbl_bitacora`
--
ALTER TABLE `tbl_bitacora`
  MODIFY `Id_Bitacora` int(11) NOT NULL AUTO_INCREMENT, AUTO_INCREMENT=17;

--
-- AUTO_INCREMENT de la tabla `tbl_calificaciones`
--
ALTER TABLE `tbl_calificaciones`
  MODIFY `Id_Calificaciones` int(11) NOT NULL AUTO_INCREMENT;

--
-- AUTO_INCREMENT de la tabla `tbl_clases`
--
ALTER TABLE `tbl_clases`
  MODIFY `Id_Clase` int(11) NOT NULL AUTO_INCREMENT, AUTO_INCREMENT=293;

--
-- AUTO_INCREMENT de la tabla `tbl_cobromatricula`
--
ALTER TABLE `tbl_cobromatricula`
  MODIFY `Id_cobro` int(11) NOT NULL AUTO_INCREMENT;

--
-- AUTO_INCREMENT de la tabla `tbl_contrespon`
--
ALTER TABLE `tbl_contrespon`
  MODIFY `Id_ContResp` int(11) NOT NULL AUTO_INCREMENT;

--
-- AUTO_INCREMENT de la tabla `tbl_cuentacorriente`
--
ALTER TABLE `tbl_cuentacorriente`
  MODIFY `Id_Cuenta` int(11) NOT NULL AUTO_INCREMENT;

--
-- AUTO_INCREMENT de la tabla `tbl_departamentos`
--
ALTER TABLE `tbl_departamentos`
  MODIFY `Id_Departamentos` int(11) NOT NULL AUTO_INCREMENT, AUTO_INCREMENT=3;

--
-- AUTO_INCREMENT de la tabla `tbl_descuento`
--
ALTER TABLE `tbl_descuento`
  MODIFY `Id_Descuento` int(11) NOT NULL AUTO_INCREMENT, AUTO_INCREMENT=3;

--
-- AUTO_INCREMENT de la tabla `tbl_direcciones`
--
ALTER TABLE `tbl_direcciones`
  MODIFY `Id_Direcciones` int(11) NOT NULL AUTO_INCREMENT, AUTO_INCREMENT=3;

--
-- AUTO_INCREMENT de la tabla `tbl_estado`
--
ALTER TABLE `tbl_estado`
  MODIFY `Id_Estado` int(11) NOT NULL AUTO_INCREMENT, AUTO_INCREMENT=4;

--
-- AUTO_INCREMENT de la tabla `tbl_estadocivil`
--
ALTER TABLE `tbl_estadocivil`
  MODIFY `Id_estadocivil` int(11) NOT NULL AUTO_INCREMENT, AUTO_INCREMENT=3;

--
-- AUTO_INCREMENT de la tabla `tbl_estadopago`
--
ALTER TABLE `tbl_estadopago`
  MODIFY `Id_Estado` int(11) NOT NULL AUTO_INCREMENT, AUTO_INCREMENT=3;

--
-- AUTO_INCREMENT de la tabla `tbl_genero`
--
ALTER TABLE `tbl_genero`
  MODIFY `Id_genero` int(11) NOT NULL AUTO_INCREMENT, AUTO_INCREMENT=3;

--
-- AUTO_INCREMENT de la tabla `tbl_hist_contrasena`
--
ALTER TABLE `tbl_hist_contrasena`
  MODIFY `Id_Hist` int(11) NOT NULL AUTO_INCREMENT, AUTO_INCREMENT=2;

--
-- AUTO_INCREMENT de la tabla `tbl_matricula`
--
ALTER TABLE `tbl_matricula`
  MODIFY `Id_Matricula` int(11) NOT NULL AUTO_INCREMENT, AUTO_INCREMENT=7;

--
-- AUTO_INCREMENT de la tabla `tbl_modalidades`
--
ALTER TABLE `tbl_modalidades`
  MODIFY `Id_Modalidad` int(11) NOT NULL AUTO_INCREMENT, AUTO_INCREMENT=4;

--
-- AUTO_INCREMENT de la tabla `tbl_modseccion`
--
ALTER TABLE `tbl_modseccion`
  MODIFY `Id_Clase` int(11) NOT NULL AUTO_INCREMENT, AUTO_INCREMENT=2;

--
-- AUTO_INCREMENT de la tabla `tbl_objetos`
--
ALTER TABLE `tbl_objetos`
  MODIFY `Id_Objeto` int(11) NOT NULL AUTO_INCREMENT, AUTO_INCREMENT=8;

--
-- AUTO_INCREMENT de la tabla `tbl_obsnotas`
--
ALTER TABLE `tbl_obsnotas`
  MODIFY `Cod_Obs` int(11) NOT NULL AUTO_INCREMENT, AUTO_INCREMENT=3;

--
-- AUTO_INCREMENT de la tabla `tbl_orientacion`
--
ALTER TABLE `tbl_orientacion`
  MODIFY `Id_orientacion` int(11) NOT NULL AUTO_INCREMENT, AUTO_INCREMENT=25;

--
-- AUTO_INCREMENT de la tabla `tbl_pagoclases`
--
ALTER TABLE `tbl_pagoclases`
  MODIFY `Id_Pago` int(11) NOT NULL AUTO_INCREMENT;

--
-- AUTO_INCREMENT de la tabla `tbl_parametros`
--
ALTER TABLE `tbl_parametros`
  MODIFY `Id_Parametro` int(11) NOT NULL AUTO_INCREMENT, AUTO_INCREMENT=3;

--
-- AUTO_INCREMENT de la tabla `tbl_periodoacademico`
--
ALTER TABLE `tbl_periodoacademico`
  MODIFY `Id_PeriodoAcm` int(11) NOT NULL AUTO_INCREMENT, AUTO_INCREMENT=3;

--
-- AUTO_INCREMENT de la tabla `tbl_personal`
--
ALTER TABLE `tbl_personal`
  MODIFY `Id_Empleado` int(11) NOT NULL AUTO_INCREMENT, AUTO_INCREMENT=29;

--
-- AUTO_INCREMENT de la tabla `tbl_planilla`
--
ALTER TABLE `tbl_planilla`
  MODIFY `Id_Planilla` int(11) NOT NULL AUTO_INCREMENT;

--
-- AUTO_INCREMENT de la tabla `tbl_precio`
--
ALTER TABLE `tbl_precio`
  MODIFY `Id_precio` int(11) NOT NULL AUTO_INCREMENT;

--
-- AUTO_INCREMENT de la tabla `tbl_preguntas`
--
ALTER TABLE `tbl_preguntas`
  MODIFY `Id_Pregunta` int(11) NOT NULL AUTO_INCREMENT, AUTO_INCREMENT=6;

--
-- AUTO_INCREMENT de la tabla `tbl_roles`
--
ALTER TABLE `tbl_roles`
  MODIFY `Id_Rol` int(11) NOT NULL AUTO_INCREMENT, AUTO_INCREMENT=5;

--
-- AUTO_INCREMENT de la tabla `tbl_secciones`
--
ALTER TABLE `tbl_secciones`
  MODIFY `Id_Seccion` int(11) NOT NULL AUTO_INCREMENT, AUTO_INCREMENT=22;

--
-- AUTO_INCREMENT de la tabla `tbl_tipocontacto`
--
ALTER TABLE `tbl_tipocontacto`
  MODIFY `Id_Tipo` int(11) NOT NULL AUTO_INCREMENT;

--
-- AUTO_INCREMENT de la tabla `tbl_usuarios`
--
ALTER TABLE `tbl_usuarios`
  MODIFY `Id_usuario` int(11) NOT NULL AUTO_INCREMENT, AUTO_INCREMENT=24;

--
-- Restricciones para tablas volcadas
--

--
-- Filtros para la tabla `tbl_alumnos`
--
ALTER TABLE `tbl_alumnos`
  ADD CONSTRAINT `FK_estcivil_alum` FOREIGN KEY (`Id_estadocivil`) REFERENCES `tbl_estadocivil` (`Id_estadocivil`),
  ADD CONSTRAINT `FK_gen_alum` FOREIGN KEY (`Id_genero`) REFERENCES `tbl_genero` (`Id_genero`);

--
-- Filtros para la tabla `tbl_asistencia`
--
ALTER TABLE `tbl_asistencia`
  ADD CONSTRAINT `FK_Clas_Asis` FOREIGN KEY (`Id_Clase`) REFERENCES `tbl_clases` (`Id_Clase`),
  ADD CONSTRAINT `FK_Pers_Asis` FOREIGN KEY (`Id_Empleado`) REFERENCES `tbl_personal` (`Id_Empleado`);

--
-- Filtros para la tabla `tbl_bitacora`
--
ALTER TABLE `tbl_bitacora`
  ADD CONSTRAINT `FK_Obj_Bit` FOREIGN KEY (`Id_Objeto`) REFERENCES `tbl_objetos` (`Id_Objeto`),
  ADD CONSTRAINT `FK_Usuario_Bit` FOREIGN KEY (`Id_usuario`) REFERENCES `tbl_usuarios` (`Id_usuario`);

--
-- Filtros para la tabla `tbl_calificaciones`
--
ALTER TABLE `tbl_calificaciones`
  ADD CONSTRAINT `FK_Alumno_Cal` FOREIGN KEY (`Id_Alumno`) REFERENCES `tbl_alumnos` (`Id_Alumno`),
  ADD CONSTRAINT `FK_Clases_Cal` FOREIGN KEY (`Id_Clase`) REFERENCES `tbl_clases` (`Id_Clase`),
  ADD CONSTRAINT `FK_Obs_Cal` FOREIGN KEY (`Cod_Obs`) REFERENCES `tbl_obsnotas` (`Cod_Obs`),
  ADD CONSTRAINT `FK_Seccion_Cal` FOREIGN KEY (`Id_Seccion`) REFERENCES `tbl_secciones` (`Id_Seccion`);

--
-- Filtros para la tabla `tbl_clases`
--
ALTER TABLE `tbl_clases`
  ADD CONSTRAINT `FK_orientacion_Clase` FOREIGN KEY (`Id_orientacion`) REFERENCES `tbl_orientacion` (`Id_orientacion`);

--
-- Filtros para la tabla `tbl_contrespon`
--
ALTER TABLE `tbl_contrespon`
  ADD CONSTRAINT `FK_Alumno_ContResp` FOREIGN KEY (`Id_Alumno`) REFERENCES `tbl_alumnos` (`Id_Alumno`),
  ADD CONSTRAINT `FK_TCont_ContResp` FOREIGN KEY (`Id_Tipo`) REFERENCES `tbl_tipocontacto` (`Id_Tipo`);

--
-- Filtros para la tabla `tbl_cuentacorriente`
--
ALTER TABLE `tbl_cuentacorriente`
  ADD CONSTRAINT `FK_Alumno_CCorriente` FOREIGN KEY (`Id_Alumno`) REFERENCES `tbl_alumnos` (`Id_Alumno`),
  ADD CONSTRAINT `FK_CMatri_CCorriente` FOREIGN KEY (`Id_cobro`) REFERENCES `tbl_cobromatricula` (`Id_cobro`),
  ADD CONSTRAINT `FK_Desc_CCorriente` FOREIGN KEY (`Id_Descuento`) REFERENCES `tbl_descuento` (`Id_Descuento`),
  ADD CONSTRAINT `FK_EstPago_CCorriente` FOREIGN KEY (`Id_Estado`) REFERENCES `tbl_estadopago` (`Id_Estado`),
  ADD CONSTRAINT `FK_Matri_CCorriente` FOREIGN KEY (`Id_Matricula`) REFERENCES `tbl_matricula` (`Id_Matricula`),
  ADD CONSTRAINT `FK_Precio_CCorriente` FOREIGN KEY (`Id_precio`) REFERENCES `tbl_precio` (`Id_precio`);

--
-- Filtros para la tabla `tbl_direcciones`
--
ALTER TABLE `tbl_direcciones`
  ADD CONSTRAINT `FK_Alumno_Dir` FOREIGN KEY (`Id_Alumno`) REFERENCES `tbl_alumnos` (`Id_Alumno`),
  ADD CONSTRAINT `FK_Pers_Dir` FOREIGN KEY (`Id_Empleado`) REFERENCES `tbl_personal` (`Id_Empleado`);

--
-- Filtros para la tabla `tbl_hist_contrasena`
--
ALTER TABLE `tbl_hist_contrasena`
  ADD CONSTRAINT `FK_Usuario_HistC` FOREIGN KEY (`Id_usuario`) REFERENCES `tbl_usuarios` (`Id_usuario`);

--
-- Filtros para la tabla `tbl_matricula`
--
ALTER TABLE `tbl_matricula`
  ADD CONSTRAINT `FK_Alumno_Matricula` FOREIGN KEY (`Id_Alumno`) REFERENCES `tbl_alumnos` (`Id_Alumno`),
  ADD CONSTRAINT `FK_Periodo_Matri` FOREIGN KEY (`Id_PeriodoAcm`) REFERENCES `tbl_periodoacademico` (`Id_PeriodoAcm`),
  ADD CONSTRAINT `FK_Seccion_Matr` FOREIGN KEY (`Id_Seccion`) REFERENCES `tbl_secciones` (`Id_Seccion`);

--
-- Filtros para la tabla `tbl_modseccion`
--
ALTER TABLE `tbl_modseccion`
  ADD CONSTRAINT `FK_Clases_ModSec` FOREIGN KEY (`Id_Clase`) REFERENCES `tbl_clases` (`Id_Clase`),
  ADD CONSTRAINT `FK_Sec_ModSec` FOREIGN KEY (`Id_Seccion`) REFERENCES `tbl_secciones` (`Id_Seccion`);

--
-- Filtros para la tabla `tbl_orientacion`
--
ALTER TABLE `tbl_orientacion`
  ADD CONSTRAINT `FK_Mod_orientacion` FOREIGN KEY (`Id_modalidad`) REFERENCES `tbl_modalidades` (`Id_Modalidad`);

--
-- Filtros para la tabla `tbl_pagoclases`
--
ALTER TABLE `tbl_pagoclases`
  ADD CONSTRAINT `FK_Clases_PagoC` FOREIGN KEY (`Id_Clase`) REFERENCES `tbl_clases` (`Id_Clase`);

--
-- Filtros para la tabla `tbl_parametros`
--
ALTER TABLE `tbl_parametros`
  ADD CONSTRAINT `FK_Usuario_Par` FOREIGN KEY (`Id_usuario`) REFERENCES `tbl_usuarios` (`Id_usuario`);

--
-- Filtros para la tabla `tbl_permisos`
--
ALTER TABLE `tbl_permisos`
  ADD CONSTRAINT `FK_Obj_Permisos` FOREIGN KEY (`Id_Objeto`) REFERENCES `tbl_objetos` (`Id_Objeto`),
  ADD CONSTRAINT `FK_Rol_Permisos` FOREIGN KEY (`Id_Rol`) REFERENCES `tbl_roles` (`Id_Rol`);

--
-- Filtros para la tabla `tbl_personal`
--
ALTER TABLE `tbl_personal`
  ADD CONSTRAINT `FK_Dept_Pers` FOREIGN KEY (`Id_Departamentos`) REFERENCES `tbl_departamentos` (`Id_Departamentos`),
  ADD CONSTRAINT `FK_estcivil_pers` FOREIGN KEY (`Id_estadocivil`) REFERENCES `tbl_estadocivil` (`Id_estadocivil`),
  ADD CONSTRAINT `FK_gen_pers` FOREIGN KEY (`Id_genero`) REFERENCES `tbl_genero` (`Id_genero`);

--
-- Filtros para la tabla `tbl_planillapago`
--
ALTER TABLE `tbl_planillapago`
  ADD CONSTRAINT `FK_Asist_PPago` FOREIGN KEY (`Id_asistencia`) REFERENCES `tbl_asistencia` (`Id_asistencia`),
  ADD CONSTRAINT `FK_PClases_PPago` FOREIGN KEY (`Id_Pago`) REFERENCES `tbl_pagoclases` (`Id_Pago`),
  ADD CONSTRAINT `FK_Pers_PPago` FOREIGN KEY (`Id_Empleado`) REFERENCES `tbl_personal` (`Id_Empleado`),
  ADD CONSTRAINT `FK_Planilla_PPago` FOREIGN KEY (`Id_Planilla`) REFERENCES `tbl_planilla` (`Id_Planilla`);

--
-- Filtros para la tabla `tbl_preguntasusuario`
--
ALTER TABLE `tbl_preguntasusuario`
  ADD CONSTRAINT `FK_Preguntas_PUsuario` FOREIGN KEY (`Id_Pregunta`) REFERENCES `tbl_preguntas` (`Id_Pregunta`),
  ADD CONSTRAINT `FK_Usuario_PUsuario` FOREIGN KEY (`Id_usuario`) REFERENCES `tbl_usuarios` (`Id_usuario`);

--
-- Filtros para la tabla `tbl_secciones`
--
ALTER TABLE `tbl_secciones`
  ADD CONSTRAINT `FK_Clase_Seccion` FOREIGN KEY (`Id_Clase`) REFERENCES `tbl_clases` (`Id_Clase`),
  ADD CONSTRAINT `FK_Periodo_Seccion` FOREIGN KEY (`Id_PeriodoAcm`) REFERENCES `tbl_periodoacademico` (`Id_PeriodoAcm`),
  ADD CONSTRAINT `FK_Pers_Seccion` FOREIGN KEY (`Id_Empleado`) REFERENCES `tbl_personal` (`Id_Empleado`);

--
-- Filtros para la tabla `tbl_usuarios`
--
ALTER TABLE `tbl_usuarios`
  ADD CONSTRAINT `FK_Est_Usuario` FOREIGN KEY (`Id_Estado`) REFERENCES `tbl_estado` (`Id_Estado`);
COMMIT;

/*!40101 SET CHARACTER_SET_CLIENT=@OLD_CHARACTER_SET_CLIENT */;
/*!40101 SET CHARACTER_SET_RESULTS=@OLD_CHARACTER_SET_RESULTS */;
/*!40101 SET COLLATION_CONNECTION=@OLD_COLLATION_CONNECTION */;
